MarketDate,Name,MarketPrice
02/01/2015,Safaricom Ltd Ord 0.05,14.15
05/01/2015,Safaricom Ltd Ord 0.05,14.05
06/01/2015,Safaricom Ltd Ord 0.05,13.9
07/01/2015,Safaricom Ltd Ord 0.05,13.9
08/01/2015,Safaricom Ltd Ord 0.05,13.75
09/01/2015,Safaricom Ltd Ord 0.05,13.75
12/01/2015,Safaricom Ltd Ord 0.05,13.85
13/01/2015,Safaricom Ltd Ord 0.05,14.7
14/01/2015,Safaricom Ltd Ord 0.05,14.85
15/01/2015,Safaricom Ltd Ord 0.05,14.6
16/01/2015,Safaricom Ltd Ord 0.05,14.85
19/01/2015,Safaricom Ltd Ord 0.05,14.55
20/01/2015,Safaricom Ltd Ord 0.05,13.95
21/01/2015,Safaricom Ltd Ord 0.05,14.2
22/01/2015,Safaricom Ltd Ord 0.05,14.2
23/01/2015,Safaricom Ltd Ord 0.05,14.15
26/01/2015,Safaricom Ltd Ord 0.05,14
27/01/2015,Safaricom Ltd Ord 0.05,14.1
28/01/2015,Safaricom Ltd Ord 0.05,14.15
29/01/2015,Safaricom Ltd Ord 0.05,14.1
30/01/2015,Safaricom Ltd Ord 0.05,14.15
02/02/2015,Safaricom Ltd Ord 0.05,14.25
03/02/2015,Safaricom Ltd Ord 0.05,14.3
04/02/2015,Safaricom Ltd Ord 0.05,14.45
05/02/2015,Safaricom Ltd Ord 0.05,14.55
06/02/2015,Safaricom Ltd Ord 0.05,14.55
09/02/2015,Safaricom Ltd Ord 0.05,14.8
10/02/2015,Safaricom Ltd Ord 0.05,14.8
11/02/2015,Safaricom Ltd Ord 0.05,14.85
12/02/2015,Safaricom Ltd Ord 0.05,14.75
13/02/2015,Safaricom Ltd Ord 0.05,14.85
16/02/2015,Safaricom Ltd Ord 0.05,14.85
17/02/2015,Safaricom Ltd Ord 0.05,14.85
18/02/2015,Safaricom Ltd Ord 0.05,14.95
19/02/2015,Safaricom Ltd Ord 0.05,15.15
20/02/2015,Safaricom Ltd Ord 0.05,15.35
23/02/2015,Safaricom Ltd Ord 0.05,15.45
24/02/2015,Safaricom Ltd Ord 0.05,15.7
25/02/2015,Safaricom Ltd Ord 0.05,15.9
26/02/2015,Safaricom Ltd Ord 0.05,15.75
27/02/2015,Safaricom Ltd Ord 0.05,15.8
02/03/2015,Safaricom Ltd Ord 0.05,15.65
03/03/2015,Safaricom Ltd Ord 0.05,15.4
04/03/2015,Safaricom Ltd Ord 0.05,15.45
05/03/2015,Safaricom Ltd Ord 0.05,15.7
06/03/2015,Safaricom Ltd Ord 0.05,15.8
09/03/2015,Safaricom Ltd Ord 0.05,15.55
11/03/2015,Safaricom Ltd Ord 0.05,15.85
12/03/2015,Safaricom Ltd Ord 0.05,15.95
13/03/2015,Safaricom Ltd Ord 0.05,15.8
16/03/2015,Safaricom Ltd Ord 0.05,15.65
17/03/2015,Safaricom Ltd Ord 0.05,15.6
18/03/2015,Safaricom Ltd Ord 0.05,15.75
19/03/2015,Safaricom Ltd Ord 0.05,15.9
20/03/2015,Safaricom Ltd Ord 0.05,15.85
23/03/2015,Safaricom Ltd Ord 0.05,15.9
24/03/2015,Safaricom Ltd Ord 0.05,16
25/03/2015,Safaricom Ltd Ord 0.05,16.1
26/03/2015,Safaricom Ltd Ord 0.05,16.45
27/03/2015,Safaricom Ltd Ord 0.05,16.6
30/03/2015,Safaricom Ltd Ord 0.05,16.7
31/03/2015,Safaricom Ltd Ord 0.05,17.05
01/04/2015,Safaricom Ltd Ord 0.05,17
02/04/2015,Safaricom Ltd Ord 0.05,16.6
07/04/2015,Safaricom Ltd Ord 0.05,15.9
08/04/2015,Safaricom Ltd Ord 0.05,15.95
09/04/2015,Safaricom Ltd Ord 0.05,16.35
10/04/2015,Safaricom Ltd Ord 0.05,15.9
13/04/2015,Safaricom Ltd Ord 0.05,16
14/04/2015,Safaricom Ltd Ord 0.05,16.1
15/04/2015,Safaricom Ltd Ord 0.05,16.3
16/04/2015,Safaricom Ltd Ord 0.05,16.75
17/04/2015,Safaricom Ltd Ord 0.05,17.2
20/04/2015,Safaricom Ltd Ord 0.05,17.25
21/04/2015,Safaricom Ltd Ord 0.05,17.2
22/04/2015,Safaricom Ltd Ord 0.05,17.05
23/04/2015,Safaricom Ltd Ord 0.05,17.2
24/04/2015,Safaricom Ltd Ord 0.05,17.3
27/04/2015,Safaricom Ltd Ord 0.05,17.1
28/04/2015,Safaricom Ltd Ord 0.05,17.2
29/04/2015,Safaricom Ltd Ord 0.05,17.3
30/04/2015,Safaricom Ltd Ord 0.05,17.4
04/05/2015,Safaricom Ltd Ord 0.05,17.45
05/05/2015,Safaricom Ltd Ord 0.05,17.5
06/05/2015,Safaricom Ltd Ord 0.05,17.55
07/05/2015,Safaricom Ltd Ord 0.05,17.15
08/05/2015,Safaricom Ltd Ord 0.05,17.05
11/05/2015,Safaricom Ltd Ord 0.05,16.9
12/05/2015,Safaricom Ltd Ord 0.05,16.65
13/05/2015,Safaricom Ltd Ord 0.05,16.1
14/05/2015,Safaricom Ltd Ord 0.05,16.35
15/05/2015,Safaricom Ltd Ord 0.05,16.35
18/05/2015,Safaricom Ltd Ord 0.05,16.5
19/05/2015,Safaricom Ltd Ord 0.05,16.6
20/05/2015,Safaricom Ltd Ord 0.05,16.45
21/05/2015,Safaricom Ltd Ord 0.05,16.3
22/05/2015,Safaricom Ltd Ord 0.05,16.2
25/05/2015,Safaricom Ltd Ord 0.05,16
27/05/2015,Safaricom Ltd Ord 0.05,15.2
28/05/2015,Safaricom Ltd Ord 0.05,15.55
29/05/2015,Safaricom Ltd Ord 0.05,15.85
02/06/2015,Safaricom Ltd Ord 0.05,16.5
03/06/2015,Safaricom Ltd Ord 0.05,16.4
04/06/2015,Safaricom Ltd Ord 0.05,16.45
05/06/2015,Safaricom Ltd Ord 0.05,16.35
08/06/2015,Safaricom Ltd Ord 0.05,16.1
09/06/2015,Safaricom Ltd Ord 0.05,16.05
10/06/2015,Safaricom Ltd Ord 0.05,16.05
11/06/2015,Safaricom Ltd Ord 0.05,16.05
12/06/2015,Safaricom Ltd Ord 0.05,16.05
15/06/2015,Safaricom Ltd Ord 0.05,16.1
16/06/2015,Safaricom Ltd Ord 0.05,16.1
17/06/2015,Safaricom Ltd Ord 0.05,16.05
18/06/2015,Safaricom Ltd Ord 0.05,16.05
19/06/2015,Safaricom Ltd Ord 0.05,16.05
22/06/2015,Safaricom Ltd Ord 0.05,16.35
23/06/2015,Safaricom Ltd Ord 0.05,16
24/06/2015,Safaricom Ltd Ord 0.05,16.05
25/06/2015,Safaricom Ltd Ord 0.05,16.1
26/06/2015,Safaricom Ltd Ord 0.05,16.1
29/06/2015,Safaricom Ltd Ord 0.05,16.3
30/06/2015,Safaricom Ltd Ord 0.05,16.45
01/07/2015,Safaricom Ltd Ord 0.05,16.5
02/07/2015,Safaricom Ltd Ord 0.05,16.45
03/07/2015,Safaricom Ltd Ord 0.05,16.35
06/07/2015,Safaricom Ltd Ord 0.05,16.35
07/07/2015,Safaricom Ltd Ord 0.05,16.35
08/07/2015,Safaricom Ltd Ord 0.05,16.15
10/07/2015,Safaricom Ltd Ord 0.05,16
13/07/2015,Safaricom Ltd Ord 0.05,15.85
14/07/2015,Safaricom Ltd Ord 0.05,15.75
15/07/2015,Safaricom Ltd Ord 0.05,15.7
16/07/2015,Safaricom Ltd Ord 0.05,15.25
17/07/2015,Safaricom Ltd Ord 0.05,15.15
20/07/2015,Safaricom Ltd Ord 0.05,15.3
21/07/2015,Safaricom Ltd Ord 0.05,15.5
22/07/2015,Safaricom Ltd Ord 0.05,15.55
23/07/2015,Safaricom Ltd Ord 0.05,15.45
24/07/2015,Safaricom Ltd Ord 0.05,15.3
27/07/2015,Safaricom Ltd Ord 0.05,15.45
28/07/2015,Safaricom Ltd Ord 0.05,15.45
29/07/2015,Safaricom Ltd Ord 0.05,15.2
30/07/2015,Safaricom Ltd Ord 0.05,14.95
31/07/2015,Safaricom Ltd Ord 0.05,14.4
03/08/2015,Safaricom Ltd Ord 0.05,14.15
04/08/2015,Safaricom Ltd Ord 0.05,14
05/08/2015,Safaricom Ltd Ord 0.05,13.95
06/08/2015,Safaricom Ltd Ord 0.05,13.9
07/08/2015,Safaricom Ltd Ord 0.05,14.55
10/08/2015,Safaricom Ltd Ord 0.05,15.35
11/08/2015,Safaricom Ltd Ord 0.05,15.5
12/08/2015,Safaricom Ltd Ord 0.05,15.6
13/08/2015,Safaricom Ltd Ord 0.05,15.45
14/08/2015,Safaricom Ltd Ord 0.05,15
17/08/2015,Safaricom Ltd Ord 0.05,14.9
18/08/2015,Safaricom Ltd Ord 0.05,14.85
19/08/2015,Safaricom Ltd Ord 0.05,15
20/08/2015,Safaricom Ltd Ord 0.05,15.1
21/08/2015,Safaricom Ltd Ord 0.05,15
24/08/2015,Safaricom Ltd Ord 0.05,14.35
25/08/2015,Safaricom Ltd Ord 0.05,13.95
26/08/2015,Safaricom Ltd Ord 0.05,13.45
27/08/2015,Safaricom Ltd Ord 0.05,13.5
28/08/2015,Safaricom Ltd Ord 0.05,14.15
31/08/2015,Safaricom Ltd Ord 0.05,14.4
01/09/2015,Safaricom Ltd Ord 0.05,14.6
02/09/2015,Safaricom Ltd Ord 0.05,14.6
03/09/2015,Safaricom Ltd Ord 0.05,15.2
04/09/2015,Safaricom Ltd Ord 0.05,14.85
07/09/2015,Safaricom Ltd Ord 0.05,14.6
08/09/2015,Safaricom Ltd Ord 0.05,14.6
09/09/2015,Safaricom Ltd Ord 0.05,14.4
10/09/2015,Safaricom Ltd Ord 0.05,14.4
11/09/2015,Safaricom Ltd Ord 0.05,14.55
14/09/2015,Safaricom Ltd Ord 0.05,14.7
15/09/2015,Safaricom Ltd Ord 0.05,15.15
16/09/2015,Safaricom Ltd Ord 0.05,14.95
17/09/2015,Safaricom Ltd Ord 0.05,15
18/09/2015,Safaricom Ltd Ord 0.05,14.75
21/09/2015,Safaricom Ltd Ord 0.05,14.9
22/09/2015,Safaricom Ltd Ord 0.05,15
23/09/2015,Safaricom Ltd Ord 0.05,15.1
24/09/2015,Safaricom Ltd Ord 0.05,15.15
25/09/2015,Safaricom Ltd Ord 0.05,15.15
28/09/2015,Safaricom Ltd Ord 0.05,15.2
29/09/2015,Safaricom Ltd Ord 0.05,15.15
30/09/2015,Safaricom Ltd Ord 0.05,15.2
01/10/2015,Safaricom Ltd Ord 0.05,14.95
02/10/2015,Safaricom Ltd Ord 0.05,14.45
05/10/2015,Safaricom Ltd Ord 0.05,14.65
06/10/2015,Safaricom Ltd Ord 0.05,14.65
07/10/2015,Safaricom Ltd Ord 0.05,14.65
08/10/2015,Safaricom Ltd Ord 0.05,14.7
09/10/2015,Safaricom Ltd Ord 0.05,14.8
12/10/2015,Safaricom Ltd Ord 0.05,14.95
13/10/2015,Safaricom Ltd Ord 0.05,15
14/10/2015,Safaricom Ltd Ord 0.05,14.7
15/10/2015,Safaricom Ltd Ord 0.05,14.4
16/10/2015,Safaricom Ltd Ord 0.05,14.55
19/10/2015,Safaricom Ltd Ord 0.05,14.75
21/10/2015,Safaricom Ltd Ord 0.05,15
22/10/2015,Safaricom Ltd Ord 0.05,14.95
23/10/2015,Safaricom Ltd Ord 0.05,14.95
26/10/2015,Safaricom Ltd Ord 0.05,14.5
27/10/2015,Safaricom Ltd Ord 0.05,14.5
28/10/2015,Safaricom Ltd Ord 0.05,14.55
29/10/2015,Safaricom Ltd Ord 0.05,14.4
30/10/2015,Safaricom Ltd Ord 0.05,14.35
02/11/2015,Safaricom Ltd Ord 0.05,14.35
03/11/2015,Safaricom Ltd Ord 0.05,14.45
04/11/2015,Safaricom Ltd Ord 0.05,14.3
05/11/2015,Safaricom Ltd Ord 0.05,14.95
06/11/2015,Safaricom Ltd Ord 0.05,14.95
09/11/2015,Safaricom Ltd Ord 0.05,15.05
10/11/2015,Safaricom Ltd Ord 0.05,15.45
11/11/2015,Safaricom Ltd Ord 0.05,15.85
12/11/2015,Safaricom Ltd Ord 0.05,16.05
13/11/2015,Safaricom Ltd Ord 0.05,16
16/11/2015,Safaricom Ltd Ord 0.05,16.05
17/11/2015,Safaricom Ltd Ord 0.05,16.15
18/11/2015,Safaricom Ltd Ord 0.05,16.25
19/11/2015,Safaricom Ltd Ord 0.05,16.5
20/11/2015,Safaricom Ltd Ord 0.05,16.65
23/11/2015,Safaricom Ltd Ord 0.05,16.75
24/11/2015,Safaricom Ltd Ord 0.05,16.25
25/11/2015,Safaricom Ltd Ord 0.05,16.05
27/11/2015,Safaricom Ltd Ord 0.05,15.35
30/11/2015,Safaricom Ltd Ord 0.05,15.55
01/12/2015,Safaricom Ltd Ord 0.05,15.65
02/12/2015,Safaricom Ltd Ord 0.05,15.85
03/12/2015,Safaricom Ltd Ord 0.05,15.7
04/12/2015,Safaricom Ltd Ord 0.05,15.55
07/12/2015,Safaricom Ltd Ord 0.05,15.7
08/12/2015,Safaricom Ltd Ord 0.05,15.95
09/12/2015,Safaricom Ltd Ord 0.05,16.1
10/12/2015,Safaricom Ltd Ord 0.05,16.15
11/12/2015,Safaricom Ltd Ord 0.05,16.25
14/12/2015,Safaricom Ltd Ord 0.05,16.4
15/12/2015,Safaricom Ltd Ord 0.05,16.4
16/12/2015,Safaricom Ltd Ord 0.05,16.7
17/12/2015,Safaricom Ltd Ord 0.05,16.6
18/12/2015,Safaricom Ltd Ord 0.05,16.7
21/12/2015,Safaricom Ltd Ord 0.05,16.7
22/12/2015,Safaricom Ltd Ord 0.05,16.7
23/12/2015,Safaricom Ltd Ord 0.05,16.1
24/12/2015,Safaricom Ltd Ord 0.05,15.9
28/12/2015,Safaricom Ltd Ord 0.05,15.9
29/12/2015,Safaricom Ltd Ord 0.05,16.1
30/12/2015,Safaricom Ltd Ord 0.05,16.25
31/12/2015,Safaricom Ltd Ord 0.05,16.1
04/01/2016,Safaricom Ltd Ord 0.05,16.35
05/01/2016,Safaricom Ltd Ord 0.05,16.35
06/01/2016,Safaricom Ltd Ord 0.05,16.6
07/01/2016,Safaricom Ltd Ord 0.05,16.5
08/01/2016,Safaricom Ltd Ord 0.05,16.4
11/01/2016,Safaricom Ltd Ord 0.05,16.25
12/01/2016,Safaricom Ltd Ord 0.05,16
13/01/2016,Safaricom Ltd Ord 0.05,16.1
14/01/2016,Safaricom Ltd Ord 0.05,16.05
15/01/2016,Safaricom Ltd Ord 0.05,16.1
18/01/2016,Safaricom Ltd Ord 0.05,16.1
19/01/2016,Safaricom Ltd Ord 0.05,16.1
20/01/2016,Safaricom Ltd Ord 0.05,15.75
21/01/2016,Safaricom Ltd Ord 0.05,15.25
22/01/2016,Safaricom Ltd Ord 0.05,15.1
25/01/2016,Safaricom Ltd Ord 0.05,15.25
26/01/2016,Safaricom Ltd Ord 0.05,15.25
27/01/2016,Safaricom Ltd Ord 0.05,15.15
28/01/2016,Safaricom Ltd Ord 0.05,15.15
29/01/2016,Safaricom Ltd Ord 0.05,15.15
01/02/2016,Safaricom Ltd Ord 0.05,15.55
02/02/2016,Safaricom Ltd Ord 0.05,16
03/02/2016,Safaricom Ltd Ord 0.05,16.7
04/02/2016,Safaricom Ltd Ord 0.05,16.25
05/02/2016,Safaricom Ltd Ord 0.05,16.2
08/02/2016,Safaricom Ltd Ord 0.05,16.15
09/02/2016,Safaricom Ltd Ord 0.05,16
10/02/2016,Safaricom Ltd Ord 0.05,15.75
11/02/2016,Safaricom Ltd Ord 0.05,15.65
12/02/2016,Safaricom Ltd Ord 0.05,15.8
15/02/2016,Safaricom Ltd Ord 0.05,15.75
16/02/2016,Safaricom Ltd Ord 0.05,15.7
17/02/2016,Safaricom Ltd Ord 0.05,15.55
18/02/2016,Safaricom Ltd Ord 0.05,15.6
19/02/2016,Safaricom Ltd Ord 0.05,15.85
22/02/2016,Safaricom Ltd Ord 0.05,15.7
23/02/2016,Safaricom Ltd Ord 0.05,15.95
24/02/2016,Safaricom Ltd Ord 0.05,16
25/02/2016,Safaricom Ltd Ord 0.05,16.05
26/02/2016,Safaricom Ltd Ord 0.05,16.1
29/02/2016,Safaricom Ltd Ord 0.05,16.2
01/03/2016,Safaricom Ltd Ord 0.05,16.15
02/03/2016,Safaricom Ltd Ord 0.05,16.55
03/03/2016,Safaricom Ltd Ord 0.05,16.9
04/03/2016,Safaricom Ltd Ord 0.05,17
07/03/2016,Safaricom Ltd Ord 0.05,17
08/03/2016,Safaricom Ltd Ord 0.05,16.5
09/03/2016,Safaricom Ltd Ord 0.05,16.45
10/03/2016,Safaricom Ltd Ord 0.05,16.25
11/03/2016,Safaricom Ltd Ord 0.05,16.3
14/03/2016,Safaricom Ltd Ord 0.05,16.45
15/03/2016,Safaricom Ltd Ord 0.05,16.35
16/03/2016,Safaricom Ltd Ord 0.05,16.4
17/03/2016,Safaricom Ltd Ord 0.05,16.5
18/03/2016,Safaricom Ltd Ord 0.05,16.5
21/03/2016,Safaricom Ltd Ord 0.05,16.45
22/03/2016,Safaricom Ltd Ord 0.05,16.75
23/03/2016,Safaricom Ltd Ord 0.05,16.85
24/03/2016,Safaricom Ltd Ord 0.05,16.9
29/03/2016,Safaricom Ltd Ord 0.05,16.8
30/03/2016,Safaricom Ltd Ord 0.05,16.7
31/03/2016,Safaricom Ltd Ord 0.05,16.9
04/04/2016,Safaricom Ltd Ord 0.05,16.8
05/04/2016,Safaricom Ltd Ord 0.05,16.8
06/04/2016,Safaricom Ltd Ord 0.05,16.75
07/04/2016,Safaricom Ltd Ord 0.05,16.75
08/04/2016,Safaricom Ltd Ord 0.05,16.75
11/04/2016,Safaricom Ltd Ord 0.05,16.7
12/04/2016,Safaricom Ltd Ord 0.05,16.7
13/04/2016,Safaricom Ltd Ord 0.05,16.75
14/04/2016,Safaricom Ltd Ord 0.05,16.95
15/04/2016,Safaricom Ltd Ord 0.05,17.1
18/04/2016,Safaricom Ltd Ord 0.05,17.2
19/04/2016,Safaricom Ltd Ord 0.05,17.3
20/04/2016,Safaricom Ltd Ord 0.05,17.45
21/04/2016,Safaricom Ltd Ord 0.05,17.4
25/04/2016,Safaricom Ltd Ord 0.05,16.95
26/04/2016,Safaricom Ltd Ord 0.05,16.95
27/04/2016,Safaricom Ltd Ord 0.05,16.95
28/04/2016,Safaricom Ltd Ord 0.05,17.1
29/04/2016,Safaricom Ltd Ord 0.05,17.1
03/05/2016,Safaricom Ltd Ord 0.05,16.95
04/05/2016,Safaricom Ltd Ord 0.05,16.9
05/05/2016,Safaricom Ltd Ord 0.05,16.9
06/05/2016,Safaricom Ltd Ord 0.05,16.9
09/05/2016,Safaricom Ltd Ord 0.05,16.9
10/05/2016,Safaricom Ltd Ord 0.05,16.95
11/05/2016,Safaricom Ltd Ord 0.05,17.1
12/05/2016,Safaricom Ltd Ord 0.05,17.25
13/05/2016,Safaricom Ltd Ord 0.05,17.3
16/05/2016,Safaricom Ltd Ord 0.05,17.35
17/05/2016,Safaricom Ltd Ord 0.05,17.15
18/05/2016,Safaricom Ltd Ord 0.05,17.15
19/05/2016,Safaricom Ltd Ord 0.05,17.3
20/05/2016,Safaricom Ltd Ord 0.05,17.35
23/05/2016,Safaricom Ltd Ord 0.05,17.2
24/05/2016,Safaricom Ltd Ord 0.05,17.35
25/05/2016,Safaricom Ltd Ord 0.05,17.25
26/05/2016,Safaricom Ltd Ord 0.05,17.25
27/05/2016,Safaricom Ltd Ord 0.05,17.1
30/05/2016,Safaricom Ltd Ord 0.05,17.05
31/05/2016,Safaricom Ltd Ord 0.05,17
02/06/2016,Safaricom Ltd Ord 0.05,17
03/06/2016,Safaricom Ltd Ord 0.05,16.95
06/06/2016,Safaricom Ltd Ord 0.05,17.15
07/06/2016,Safaricom Ltd Ord 0.05,17.5
08/06/2016,Safaricom Ltd Ord 0.05,17.9
09/06/2016,Safaricom Ltd Ord 0.05,18.25
10/06/2016,Safaricom Ltd Ord 0.05,18.25
13/06/2016,Safaricom Ltd Ord 0.05,18.15
14/06/2016,Safaricom Ltd Ord 0.05,18.1
15/06/2016,Safaricom Ltd Ord 0.05,18.3
16/06/2016,Safaricom Ltd Ord 0.05,18.6
17/06/2016,Safaricom Ltd Ord 0.05,18.7
20/06/2016,Safaricom Ltd Ord 0.05,18.7
21/06/2016,Safaricom Ltd Ord 0.05,18.4
22/06/2016,Safaricom Ltd Ord 0.05,18.05
23/06/2016,Safaricom Ltd Ord 0.05,17.9
24/06/2016,Safaricom Ltd Ord 0.05,17.45
27/06/2016,Safaricom Ltd Ord 0.05,17.3
28/06/2016,Safaricom Ltd Ord 0.05,17.15
29/06/2016,Safaricom Ltd Ord 0.05,17.1
30/06/2016,Safaricom Ltd Ord 0.05,17.75
01/07/2016,Safaricom Ltd Ord 0.05,17.55
04/07/2016,Safaricom Ltd Ord 0.05,17.45
05/07/2016,Safaricom Ltd Ord 0.05,17.35
06/07/2016,Safaricom Ltd Ord 0.05,17.55
08/07/2016,Safaricom Ltd Ord 0.05,17.55
11/07/2016,Safaricom Ltd Ord 0.05,17.45
12/07/2016,Safaricom Ltd Ord 0.05,17.3
13/07/2016,Safaricom Ltd Ord 0.05,17.35
15/07/2016,Safaricom Ltd Ord 0.05,17.35
18/07/2016,Safaricom Ltd Ord 0.05,17.25
19/07/2016,Safaricom Ltd Ord 0.05,17.65
20/07/2016,Safaricom Ltd Ord 0.05,18
21/07/2016,Safaricom Ltd Ord 0.05,18.1
22/07/2016,Safaricom Ltd Ord 0.05,18.05
25/07/2016,Safaricom Ltd Ord 0.05,18.1
26/07/2016,Safaricom Ltd Ord 0.05,18.85
27/07/2016,Safaricom Ltd Ord 0.05,18.85
28/07/2016,Safaricom Ltd Ord 0.05,18.9
29/07/2016,Safaricom Ltd Ord 0.05,19.05
01/08/2016,Safaricom Ltd Ord 0.05,19.4
02/08/2016,Safaricom Ltd Ord 0.05,20
03/08/2016,Safaricom Ltd Ord 0.05,20.25
04/08/2016,Safaricom Ltd Ord 0.05,19.65
05/08/2016,Safaricom Ltd Ord 0.05,19.8
08/08/2016,Safaricom Ltd Ord 0.05,19.7
09/08/2016,Safaricom Ltd Ord 0.05,19.75
10/08/2016,Safaricom Ltd Ord 0.05,19.9
11/08/2016,Safaricom Ltd Ord 0.05,19.9
12/08/2016,Safaricom Ltd Ord 0.05,20
15/08/2016,Safaricom Ltd Ord 0.05,20.25
16/08/2016,Safaricom Ltd Ord 0.05,21
17/08/2016,Safaricom Ltd Ord 0.05,21.25
18/08/2016,Safaricom Ltd Ord 0.05,21.25
19/08/2016,Safaricom Ltd Ord 0.05,21.25
22/08/2016,Safaricom Ltd Ord 0.05,20.75
23/08/2016,Safaricom Ltd Ord 0.05,21.25
24/08/2016,Safaricom Ltd Ord 0.05,21.25
25/08/2016,Safaricom Ltd Ord 0.05,20
26/08/2016,Safaricom Ltd Ord 0.05,19.65
29/08/2016,Safaricom Ltd Ord 0.05,20
30/08/2016,Safaricom Ltd Ord 0.05,20
31/08/2016,Safaricom Ltd Ord 0.05,20
01/09/2016,Safaricom Ltd Ord 0.05,20
02/09/2016,Safaricom Ltd Ord 0.05,19.95
05/09/2016,Safaricom Ltd Ord 0.05,18.4
06/09/2016,Safaricom Ltd Ord 0.05,18.85
07/09/2016,Safaricom Ltd Ord 0.05,19
08/09/2016,Safaricom Ltd Ord 0.05,19
09/09/2016,Safaricom Ltd Ord 0.05,19
13/09/2016,Safaricom Ltd Ord 0.05,19
14/09/2016,Safaricom Ltd Ord 0.05,18.9
15/09/2016,Safaricom Ltd Ord 0.05,18.9
16/09/2016,Safaricom Ltd Ord 0.05,18.9
19/09/2016,Safaricom Ltd Ord 0.05,19
20/09/2016,Safaricom Ltd Ord 0.05,19.15
21/09/2016,Safaricom Ltd Ord 0.05,19.35
22/09/2016,Safaricom Ltd Ord 0.05,19.4
23/09/2016,Safaricom Ltd Ord 0.05,19.4
26/09/2016,Safaricom Ltd Ord 0.05,19.5
27/09/2016,Safaricom Ltd Ord 0.05,19.7
28/09/2016,Safaricom Ltd Ord 0.05,19.95
29/09/2016,Safaricom Ltd Ord 0.05,19.85
30/09/2016,Safaricom Ltd Ord 0.05,19.95
03/10/2016,Safaricom Ltd Ord 0.05,20
04/10/2016,Safaricom Ltd Ord 0.05,20
05/10/2016,Safaricom Ltd Ord 0.05,20
06/10/2016,Safaricom Ltd Ord 0.05,19.95
07/10/2016,Safaricom Ltd Ord 0.05,20.25
10/10/2016,Safaricom Ltd Ord 0.05,20.25
11/10/2016,Safaricom Ltd Ord 0.05,20
12/10/2016,Safaricom Ltd Ord 0.05,19.9
13/10/2016,Safaricom Ltd Ord 0.05,19.95
14/10/2016,Safaricom Ltd Ord 0.05,19.95
17/10/2016,Safaricom Ltd Ord 0.05,19.85
18/10/2016,Safaricom Ltd Ord 0.05,19.75
19/10/2016,Safaricom Ltd Ord 0.05,19.7
21/10/2016,Safaricom Ltd Ord 0.05,19.7
24/10/2016,Safaricom Ltd Ord 0.05,20
25/10/2016,Safaricom Ltd Ord 0.05,20
26/10/2016,Safaricom Ltd Ord 0.05,20
27/10/2016,Safaricom Ltd Ord 0.05,19.95
28/10/2016,Safaricom Ltd Ord 0.05,19.9
31/10/2016,Safaricom Ltd Ord 0.05,19.85
01/11/2016,Safaricom Ltd Ord 0.05,20.25
02/11/2016,Safaricom Ltd Ord 0.05,20.75
03/11/2016,Safaricom Ltd Ord 0.05,21.25
04/11/2016,Safaricom Ltd Ord 0.05,21.25
07/11/2016,Safaricom Ltd Ord 0.05,21
08/11/2016,Safaricom Ltd Ord 0.05,20.75
09/11/2016,Safaricom Ltd Ord 0.05,20.25
10/11/2016,Safaricom Ltd Ord 0.05,20.75
11/11/2016,Safaricom Ltd Ord 0.05,20.75
14/11/2016,Safaricom Ltd Ord 0.05,20.25
15/11/2016,Safaricom Ltd Ord 0.05,20.25
16/11/2016,Safaricom Ltd Ord 0.05,20.5
17/11/2016,Safaricom Ltd Ord 0.05,20.5
18/11/2016,Safaricom Ltd Ord 0.05,20
21/11/2016,Safaricom Ltd Ord 0.05,20
22/11/2016,Safaricom Ltd Ord 0.05,19.95
23/11/2016,Safaricom Ltd Ord 0.05,20
24/11/2016,Safaricom Ltd Ord 0.05,19.95
25/11/2016,Safaricom Ltd Ord 0.05,19.9
28/11/2016,Safaricom Ltd Ord 0.05,19.85
29/11/2016,Safaricom Ltd Ord 0.05,19.85
30/11/2016,Safaricom Ltd Ord 0.05,19.9
01/12/2016,Safaricom Ltd Ord 0.05,20
02/12/2016,Safaricom Ltd Ord 0.05,19.95
05/12/2016,Safaricom Ltd Ord 0.05,19.9
06/12/2016,Safaricom Ltd Ord 0.05,19.8
07/12/2016,Safaricom Ltd Ord 0.05,19.7
08/12/2016,Safaricom Ltd Ord 0.05,19.35
09/12/2016,Safaricom Ltd Ord 0.05,19
13/12/2016,Safaricom Ltd Ord 0.05,18.9
14/12/2016,Safaricom Ltd Ord 0.05,18.9
15/12/2016,Safaricom Ltd Ord 0.05,18.75
16/12/2016,Safaricom Ltd Ord 0.05,18.75
19/12/2016,Safaricom Ltd Ord 0.05,19
20/12/2016,Safaricom Ltd Ord 0.05,19
21/12/2016,Safaricom Ltd Ord 0.05,19
22/12/2016,Safaricom Ltd Ord 0.05,19.45
23/12/2016,Safaricom Ltd Ord 0.05,19.5
28/12/2016,Safaricom Ltd Ord 0.05,19.25
29/12/2016,Safaricom Ltd Ord 0.05,19.05
30/12/2016,Safaricom Ltd Ord 0.05,19.15
03/01/2017,Safaricom Ltd Ord 0.05,19
04/01/2017,Safaricom Ltd Ord 0.05,19
05/01/2017,Safaricom Ltd Ord 0.05,18.8
06/01/2017,Safaricom Ltd Ord 0.05,18.6
09/01/2017,Safaricom Ltd Ord 0.05,18.5
10/01/2017,Safaricom Ltd Ord 0.05,18.2
11/01/2017,Safaricom Ltd Ord 0.05,18
12/01/2017,Safaricom Ltd Ord 0.05,17.95
13/01/2017,Safaricom Ltd Ord 0.05,17.95
16/01/2017,Safaricom Ltd Ord 0.05,17.95
17/01/2017,Safaricom Ltd Ord 0.05,17.95
18/01/2017,Safaricom Ltd Ord 0.05,18.05
19/01/2017,Safaricom Ltd Ord 0.05,18.15
20/01/2017,Safaricom Ltd Ord 0.05,18.15
23/01/2017,Safaricom Ltd Ord 0.05,18.2
24/01/2017,Safaricom Ltd Ord 0.05,18.2
25/01/2017,Safaricom Ltd Ord 0.05,18.2
26/01/2017,Safaricom Ltd Ord 0.05,18.25
27/01/2017,Safaricom Ltd Ord 0.05,18.4
30/01/2017,Safaricom Ltd Ord 0.05,18.35
31/01/2017,Safaricom Ltd Ord 0.05,18.5
01/02/2017,Safaricom Ltd Ord 0.05,18.55
02/02/2017,Safaricom Ltd Ord 0.05,18.55
03/02/2017,Safaricom Ltd Ord 0.05,18.65
06/02/2017,Safaricom Ltd Ord 0.05,18.9
07/02/2017,Safaricom Ltd Ord 0.05,18.65
08/02/2017,Safaricom Ltd Ord 0.05,18.4
09/02/2017,Safaricom Ltd Ord 0.05,18.45
10/02/2017,Safaricom Ltd Ord 0.05,18.5
13/02/2017,Safaricom Ltd Ord 0.05,18.4
14/02/2017,Safaricom Ltd Ord 0.05,18.3
15/02/2017,Safaricom Ltd Ord 0.05,18.25
16/02/2017,Safaricom Ltd Ord 0.05,18.2
17/02/2017,Safaricom Ltd Ord 0.05,18.05
20/02/2017,Safaricom Ltd Ord 0.05,18
21/02/2017,Safaricom Ltd Ord 0.05,18
22/02/2017,Safaricom Ltd Ord 0.05,18
23/02/2017,Safaricom Ltd Ord 0.05,18
24/02/2017,Safaricom Ltd Ord 0.05,18.1
27/02/2017,Safaricom Ltd Ord 0.05,17.85
28/02/2017,Safaricom Ltd Ord 0.05,17.75
01/03/2017,Safaricom Ltd Ord 0.05,17.05
02/03/2017,Safaricom Ltd Ord 0.05,17
03/03/2017,Safaricom Ltd Ord 0.05,16.9
06/03/2017,Safaricom Ltd Ord 0.05,16.8
07/03/2017,Safaricom Ltd Ord 0.05,16.65
08/03/2017,Safaricom Ltd Ord 0.05,16.2
09/03/2017,Safaricom Ltd Ord 0.05,16
10/03/2017,Safaricom Ltd Ord 0.05,16.9
13/03/2017,Safaricom Ltd Ord 0.05,17.35
14/03/2017,Safaricom Ltd Ord 0.05,18.25
15/03/2017,Safaricom Ltd Ord 0.05,17.85
16/03/2017,Safaricom Ltd Ord 0.05,17.55
17/03/2017,Safaricom Ltd Ord 0.05,17.95
20/03/2017,Safaricom Ltd Ord 0.05,18
21/03/2017,Safaricom Ltd Ord 0.05,18.1
22/03/2017,Safaricom Ltd Ord 0.05,18.1
23/03/2017,Safaricom Ltd Ord 0.05,18.35
24/03/2017,Safaricom Ltd Ord 0.05,18.45
27/03/2017,Safaricom Ltd Ord 0.05,18.7
28/03/2017,Safaricom Ltd Ord 0.05,18.6
29/03/2017,Safaricom Ltd Ord 0.05,18.05
30/03/2017,Safaricom Ltd Ord 0.05,17.95
31/03/2017,Safaricom Ltd Ord 0.05,18
03/04/2017,Safaricom Ltd Ord 0.05,18.45
04/04/2017,Safaricom Ltd Ord 0.05,18.3
05/04/2017,Safaricom Ltd Ord 0.05,18.3
06/04/2017,Safaricom Ltd Ord 0.05,18.6
07/04/2017,Safaricom Ltd Ord 0.05,18.65
10/04/2017,Safaricom Ltd Ord 0.05,19.15
11/04/2017,Safaricom Ltd Ord 0.05,19.25
12/04/2017,Safaricom Ltd Ord 0.05,19.45
13/04/2017,Safaricom Ltd Ord 0.05,19.6
18/04/2017,Safaricom Ltd Ord 0.05,19.15
19/04/2017,Safaricom Ltd Ord 0.05,19.2
20/04/2017,Safaricom Ltd Ord 0.05,19.15
21/04/2017,Safaricom Ltd Ord 0.05,19.15
24/04/2017,Safaricom Ltd Ord 0.05,19.1
25/04/2017,Safaricom Ltd Ord 0.05,18.95
26/04/2017,Safaricom Ltd Ord 0.05,18.95
27/04/2017,Safaricom Ltd Ord 0.05,19
28/04/2017,Safaricom Ltd Ord 0.05,19.25
02/05/2017,Safaricom Ltd Ord 0.05,19.55
03/05/2017,Safaricom Ltd Ord 0.05,19.6
04/05/2017,Safaricom Ltd Ord 0.05,19.65
05/05/2017,Safaricom Ltd Ord 0.05,19.75
08/05/2017,Safaricom Ltd Ord 0.05,20.5
09/05/2017,Safaricom Ltd Ord 0.05,20.25
10/05/2017,Safaricom Ltd Ord 0.05,20
11/05/2017,Safaricom Ltd Ord 0.05,20.5
12/05/2017,Safaricom Ltd Ord 0.05,20.25
15/05/2017,Safaricom Ltd Ord 0.05,20.25
16/05/2017,Safaricom Ltd Ord 0.05,20.25
17/05/2017,Safaricom Ltd Ord 0.05,20
18/05/2017,Safaricom Ltd Ord 0.05,20.25
19/05/2017,Safaricom Ltd Ord 0.05,20.25
22/05/2017,Safaricom Ltd Ord 0.05,20.5
23/05/2017,Safaricom Ltd Ord 0.05,20.5
24/05/2017,Safaricom Ltd Ord 0.05,21
25/05/2017,Safaricom Ltd Ord 0.05,21.5
26/05/2017,Safaricom Ltd Ord 0.05,21.75
29/05/2017,Safaricom Ltd Ord 0.05,21.5
30/05/2017,Safaricom Ltd Ord 0.05,21
31/05/2017,Safaricom Ltd Ord 0.05,22.25
02/06/2017,Safaricom Ltd Ord 0.05,22.5
05/06/2017,Safaricom Ltd Ord 0.05,22.25
06/06/2017,Safaricom Ltd Ord 0.05,22
07/06/2017,Safaricom Ltd Ord 0.05,22.25
08/06/2017,Safaricom Ltd Ord 0.05,22.25
09/06/2017,Safaricom Ltd Ord 0.05,22.75
12/06/2017,Safaricom Ltd Ord 0.05,22.75
13/06/2017,Safaricom Ltd Ord 0.05,23.5
14/06/2017,Safaricom Ltd Ord 0.05,23
15/06/2017,Safaricom Ltd Ord 0.05,23.25
16/06/2017,Safaricom Ltd Ord 0.05,23.5
19/06/2017,Safaricom Ltd Ord 0.05,23
20/06/2017,Safaricom Ltd Ord 0.05,22.75
21/06/2017,Safaricom Ltd Ord 0.05,22.75
22/06/2017,Safaricom Ltd Ord 0.05,23.25
23/06/2017,Safaricom Ltd Ord 0.05,23.25
27/06/2017,Safaricom Ltd Ord 0.05,23.5
28/06/2017,Safaricom Ltd Ord 0.05,23.25
29/06/2017,Safaricom Ltd Ord 0.05,23
30/06/2017,Safaricom Ltd Ord 0.05,22.75
03/07/2017,Safaricom Ltd Ord 0.05,23
04/07/2017,Safaricom Ltd Ord 0.05,23
05/07/2017,Safaricom Ltd Ord 0.05,22.75
06/07/2017,Safaricom Ltd Ord 0.05,22.75
07/07/2017,Safaricom Ltd Ord 0.05,23
10/07/2017,Safaricom Ltd Ord 0.05,23
11/07/2017,Safaricom Ltd Ord 0.05,23
12/07/2017,Safaricom Ltd Ord 0.05,23
13/07/2017,Safaricom Ltd Ord 0.05,23
14/07/2017,Safaricom Ltd Ord 0.05,23
17/07/2017,Safaricom Ltd Ord 0.05,23
18/07/2017,Safaricom Ltd Ord 0.05,23
19/07/2017,Safaricom Ltd Ord 0.05,23
20/07/2017,Safaricom Ltd Ord 0.05,23
21/07/2017,Safaricom Ltd Ord 0.05,23.25
24/07/2017,Safaricom Ltd Ord 0.05,23.25
25/07/2017,Safaricom Ltd Ord 0.05,23.5
26/07/2017,Safaricom Ltd Ord 0.05,23.75
27/07/2017,Safaricom Ltd Ord 0.05,23.75
28/07/2017,Safaricom Ltd Ord 0.05,24.5
31/07/2017,Safaricom Ltd Ord 0.05,24.5
01/08/2017,Safaricom Ltd Ord 0.05,23.75
02/08/2017,Safaricom Ltd Ord 0.05,24
03/08/2017,Safaricom Ltd Ord 0.05,23.75
04/08/2017,Safaricom Ltd Ord 0.05,23.5
07/08/2017,Safaricom Ltd Ord 0.05,23.5
09/08/2017,Safaricom Ltd Ord 0.05,23.75
10/08/2017,Safaricom Ltd Ord 0.05,24.25
11/08/2017,Safaricom Ltd Ord 0.05,24.5
14/08/2017,Safaricom Ltd Ord 0.05,25
15/08/2017,Safaricom Ltd Ord 0.05,24.75
16/08/2017,Safaricom Ltd Ord 0.05,24.25
17/08/2017,Safaricom Ltd Ord 0.05,24.25
18/08/2017,Safaricom Ltd Ord 0.05,24.25
21/08/2017,Safaricom Ltd Ord 0.05,24.75
22/08/2017,Safaricom Ltd Ord 0.05,24.75
23/08/2017,Safaricom Ltd Ord 0.05,25
24/08/2017,Safaricom Ltd Ord 0.05,25.25
25/08/2017,Safaricom Ltd Ord 0.05,26.5
28/08/2017,Safaricom Ltd Ord 0.05,26.75
29/08/2017,Safaricom Ltd Ord 0.05,26.75
30/08/2017,Safaricom Ltd Ord 0.05,26.25
31/08/2017,Safaricom Ltd Ord 0.05,25.5
01/09/2017,Safaricom Ltd Ord 0.05,24.25
04/09/2017,Safaricom Ltd Ord 0.05,24
05/09/2017,Safaricom Ltd Ord 0.05,24.75
06/09/2017,Safaricom Ltd Ord 0.05,24.75
07/09/2017,Safaricom Ltd Ord 0.05,25.25
08/09/2017,Safaricom Ltd Ord 0.05,25.75
11/09/2017,Safaricom Ltd Ord 0.05,26
12/09/2017,Safaricom Ltd Ord 0.05,26
13/09/2017,Safaricom Ltd Ord 0.05,25.25
14/09/2017,Safaricom Ltd Ord 0.05,25.25
15/09/2017,Safaricom Ltd Ord 0.05,25.25
18/09/2017,Safaricom Ltd Ord 0.05,24.25
19/09/2017,Safaricom Ltd Ord 0.05,25
20/09/2017,Safaricom Ltd Ord 0.05,25.25
21/09/2017,Safaricom Ltd Ord 0.05,25.75
22/09/2017,Safaricom Ltd Ord 0.05,25.75
25/09/2017,Safaricom Ltd Ord 0.05,25.75
26/09/2017,Safaricom Ltd Ord 0.05,26
27/09/2017,Safaricom Ltd Ord 0.05,25.75
28/09/2017,Safaricom Ltd Ord 0.05,25.25
29/09/2017,Safaricom Ltd Ord 0.05,24.75
02/10/2017,Safaricom Ltd Ord 0.05,24.5
03/10/2017,Safaricom Ltd Ord 0.05,25
04/10/2017,Safaricom Ltd Ord 0.05,25
05/10/2017,Safaricom Ltd Ord 0.05,24.75
06/10/2017,Safaricom Ltd Ord 0.05,24.75
09/10/2017,Safaricom Ltd Ord 0.05,25
10/10/2017,Safaricom Ltd Ord 0.05,25
11/10/2017,Safaricom Ltd Ord 0.05,25
12/10/2017,Safaricom Ltd Ord 0.05,24.75
13/10/2017,Safaricom Ltd Ord 0.05,25
16/10/2017,Safaricom Ltd Ord 0.05,24.75
17/10/2017,Safaricom Ltd Ord 0.05,24.5
18/10/2017,Safaricom Ltd Ord 0.05,24.25
19/10/2017,Safaricom Ltd Ord 0.05,24
23/10/2017,Safaricom Ltd Ord 0.05,24.25
24/10/2017,Safaricom Ltd Ord 0.05,24.75
27/10/2017,Safaricom Ltd Ord 0.05,25.25
30/10/2017,Safaricom Ltd Ord 0.05,25.25
31/10/2017,Safaricom Ltd Ord 0.05,25.5
01/11/2017,Safaricom Ltd Ord 0.05,25.75
02/11/2017,Safaricom Ltd Ord 0.05,25.25
03/11/2017,Safaricom Ltd Ord 0.05,25.5
06/11/2017,Safaricom Ltd Ord 0.05,25
07/11/2017,Safaricom Ltd Ord 0.05,24.5
08/11/2017,Safaricom Ltd Ord 0.05,24.75
09/11/2017,Safaricom Ltd Ord 0.05,24.75
10/11/2017,Safaricom Ltd Ord 0.05,24.5
13/11/2017,Safaricom Ltd Ord 0.05,24.5
14/11/2017,Safaricom Ltd Ord 0.05,24.5
15/11/2017,Safaricom Ltd Ord 0.05,25
16/11/2017,Safaricom Ltd Ord 0.05,25.25
17/11/2017,Safaricom Ltd Ord 0.05,25.5
20/11/2017,Safaricom Ltd Ord 0.05,25.75
21/11/2017,Safaricom Ltd Ord 0.05,26.75
22/11/2017,Safaricom Ltd Ord 0.05,28
23/11/2017,Safaricom Ltd Ord 0.05,26.5
24/11/2017,Safaricom Ltd Ord 0.05,26.75
27/11/2017,Safaricom Ltd Ord 0.05,27.5
29/11/2017,Safaricom Ltd Ord 0.05,27.5
30/11/2017,Safaricom Ltd Ord 0.05,27.5
01/12/2017,Safaricom Ltd Ord 0.05,27.5
04/12/2017,Safaricom Ltd Ord 0.05,27.5
05/12/2017,Safaricom Ltd Ord 0.05,27.25
06/12/2017,Safaricom Ltd Ord 0.05,27.25
07/12/2017,Safaricom Ltd Ord 0.05,27.75
08/12/2017,Safaricom Ltd Ord 0.05,27.75
11/12/2017,Safaricom Ltd Ord 0.05,28
13/12/2017,Safaricom Ltd Ord 0.05,27.5
14/12/2017,Safaricom Ltd Ord 0.05,27
15/12/2017,Safaricom Ltd Ord 0.05,26.75
18/12/2017,Safaricom Ltd Ord 0.05,26.25
19/12/2017,Safaricom Ltd Ord 0.05,26
20/12/2017,Safaricom Ltd Ord 0.05,26
21/12/2017,Safaricom Ltd Ord 0.05,26.5
22/12/2017,Safaricom Ltd Ord 0.05,26.5
27/12/2017,Safaricom Ltd Ord 0.05,26.25
28/12/2017,Safaricom Ltd Ord 0.05,26.25
29/12/2017,Safaricom Ltd Ord 0.05,26.75
02/01/2018,Safaricom Ltd Ord 0.05,26.75
03/01/2018,Safaricom Ltd Ord 0.05,26.75
04/01/2018,Safaricom Ltd Ord 0.05,27
05/01/2018,Safaricom Ltd Ord 0.05,28
08/01/2018,Safaricom Ltd Ord 0.05,28
09/01/2018,Safaricom Ltd Ord 0.05,28
10/01/2018,Safaricom Ltd Ord 0.05,27.75
11/01/2018,Safaricom Ltd Ord 0.05,27.75
12/01/2018,Safaricom Ltd Ord 0.05,28.25
15/01/2018,Safaricom Ltd Ord 0.05,28.75
16/01/2018,Safaricom Ltd Ord 0.05,29
17/01/2018,Safaricom Ltd Ord 0.05,29
18/01/2018,Safaricom Ltd Ord 0.05,29.25
19/01/2018,Safaricom Ltd Ord 0.05,29.5
22/01/2018,Safaricom Ltd Ord 0.05,29.25
23/01/2018,Safaricom Ltd Ord 0.05,29.5
24/01/2018,Safaricom Ltd Ord 0.05,29.5
25/01/2018,Safaricom Ltd Ord 0.05,29.75
26/01/2018,Safaricom Ltd Ord 0.05,30
29/01/2018,Safaricom Ltd Ord 0.05,29.75
30/01/2018,Safaricom Ltd Ord 0.05,29.75
31/01/2018,Safaricom Ltd Ord 0.05,29.5
01/02/2018,Safaricom Ltd Ord 0.05,29.75
02/02/2018,Safaricom Ltd Ord 0.05,29.75
05/02/2018,Safaricom Ltd Ord 0.05,29.75
06/02/2018,Safaricom Ltd Ord 0.05,29.5
07/02/2018,Safaricom Ltd Ord 0.05,28.5
08/02/2018,Safaricom Ltd Ord 0.05,29.25
09/02/2018,Safaricom Ltd Ord 0.05,29
12/02/2018,Safaricom Ltd Ord 0.05,28.25
13/02/2018,Safaricom Ltd Ord 0.05,28.5
14/02/2018,Safaricom Ltd Ord 0.05,28.75
15/02/2018,Safaricom Ltd Ord 0.05,28.75
16/02/2018,Safaricom Ltd Ord 0.05,29.25
19/02/2018,Safaricom Ltd Ord 0.05,29.25
20/02/2018,Safaricom Ltd Ord 0.05,29.75
21/02/2018,Safaricom Ltd Ord 0.05,29.75
22/02/2018,Safaricom Ltd Ord 0.05,29.5
23/02/2018,Safaricom Ltd Ord 0.05,29.5
26/02/2018,Safaricom Ltd Ord 0.05,29.5
27/02/2018,Safaricom Ltd Ord 0.05,29.5
28/02/2018,Safaricom Ltd Ord 0.05,29.75
01/03/2018,Safaricom Ltd Ord 0.05,29.5
02/03/2018,Safaricom Ltd Ord 0.05,29.25
05/03/2018,Safaricom Ltd Ord 0.05,29.25
06/03/2018,Safaricom Ltd Ord 0.05,29.25
07/03/2018,Safaricom Ltd Ord 0.05,29.5
08/03/2018,Safaricom Ltd Ord 0.05,29.5
09/03/2018,Safaricom Ltd Ord 0.05,29.25
12/03/2018,Safaricom Ltd Ord 0.05,29.25
13/03/2018,Safaricom Ltd Ord 0.05,29.75
14/03/2018,Safaricom Ltd Ord 0.05,29.75
15/03/2018,Safaricom Ltd Ord 0.05,29.5
16/03/2018,Safaricom Ltd Ord 0.05,29.5
19/03/2018,Safaricom Ltd Ord 0.05,30
20/03/2018,Safaricom Ltd Ord 0.05,30.75
21/03/2018,Safaricom Ltd Ord 0.05,31.25
22/03/2018,Safaricom Ltd Ord 0.05,31.75
23/03/2018,Safaricom Ltd Ord 0.05,31.75
26/03/2018,Safaricom Ltd Ord 0.05,31.5
27/03/2018,Safaricom Ltd Ord 0.05,31.25
28/03/2018,Safaricom Ltd Ord 0.05,30.75
29/03/2018,Safaricom Ltd Ord 0.05,31
03/04/2018,Safaricom Ltd Ord 0.05,31.25
04/04/2018,Safaricom Ltd Ord 0.05,32
05/04/2018,Safaricom Ltd Ord 0.05,32.75
06/04/2018,Safaricom Ltd Ord 0.05,32.25
09/04/2018,Safaricom Ltd Ord 0.05,31.75
10/04/2018,Safaricom Ltd Ord 0.05,31.75
11/04/2018,Safaricom Ltd Ord 0.05,32
12/04/2018,Safaricom Ltd Ord 0.05,31.5
13/04/2018,Safaricom Ltd Ord 0.05,31
16/04/2018,Safaricom Ltd Ord 0.05,30.5
17/04/2018,Safaricom Ltd Ord 0.05,29.75
18/04/2018,Safaricom Ltd Ord 0.05,29.5
19/04/2018,Safaricom Ltd Ord 0.05,29.25
20/04/2018,Safaricom Ltd Ord 0.05,29
23/04/2018,Safaricom Ltd Ord 0.05,28.5
24/04/2018,Safaricom Ltd Ord 0.05,28.25
25/04/2018,Safaricom Ltd Ord 0.05,28.5
26/04/2018,Safaricom Ltd Ord 0.05,28.25
27/04/2018,Safaricom Ltd Ord 0.05,28.25
30/04/2018,Safaricom Ltd Ord 0.05,28.25
02/05/2018,Safaricom Ltd Ord 0.05,27.25
03/05/2018,Safaricom Ltd Ord 0.05,27
04/05/2018,Safaricom Ltd Ord 0.05,28.5
07/05/2018,Safaricom Ltd Ord 0.05,28.5
08/05/2018,Safaricom Ltd Ord 0.05,28.25
09/05/2018,Safaricom Ltd Ord 0.05,29
10/05/2018,Safaricom Ltd Ord 0.05,28
11/05/2018,Safaricom Ltd Ord 0.05,27.75
14/05/2018,Safaricom Ltd Ord 0.05,27.25
15/05/2018,Safaricom Ltd Ord 0.05,27.25
16/05/2018,Safaricom Ltd Ord 0.05,28.5
17/05/2018,Safaricom Ltd Ord 0.05,29
18/05/2018,Safaricom Ltd Ord 0.05,29.25
21/05/2018,Safaricom Ltd Ord 0.05,29
22/05/2018,Safaricom Ltd Ord 0.05,29.25
23/05/2018,Safaricom Ltd Ord 0.05,29
25/05/2018,Safaricom Ltd Ord 0.05,29
28/05/2018,Safaricom Ltd Ord 0.05,28.75
29/05/2018,Safaricom Ltd Ord 0.05,28.5
30/05/2018,Safaricom Ltd Ord 0.05,28.25
31/05/2018,Safaricom Ltd Ord 0.05,28.25
04/06/2018,Safaricom Ltd Ord 0.05,28.5
05/06/2018,Safaricom Ltd Ord 0.05,28.75
06/06/2018,Safaricom Ltd Ord 0.05,29.5
07/06/2018,Safaricom Ltd Ord 0.05,29.5
08/06/2018,Safaricom Ltd Ord 0.05,29.5
11/06/2018,Safaricom Ltd Ord 0.05,30
12/06/2018,Safaricom Ltd Ord 0.05,30
13/06/2018,Safaricom Ltd Ord 0.05,30
14/06/2018,Safaricom Ltd Ord 0.05,30
18/06/2018,Safaricom Ltd Ord 0.05,29.75
19/06/2018,Safaricom Ltd Ord 0.05,28.25
20/06/2018,Safaricom Ltd Ord 0.05,27.25
21/06/2018,Safaricom Ltd Ord 0.05,27.25
22/06/2018,Safaricom Ltd Ord 0.05,28.25
25/06/2018,Safaricom Ltd Ord 0.05,28.5
26/06/2018,Safaricom Ltd Ord 0.05,29
27/06/2018,Safaricom Ltd Ord 0.05,29.5
28/06/2018,Safaricom Ltd Ord 0.05,29.75
29/06/2018,Safaricom Ltd Ord 0.05,29.5
02/07/2018,Safaricom Ltd Ord 0.05,29
03/07/2018,Safaricom Ltd Ord 0.05,28
04/07/2018,Safaricom Ltd Ord 0.05,28.5
05/07/2018,Safaricom Ltd Ord 0.05,29
06/07/2018,Safaricom Ltd Ord 0.05,28.75
09/07/2018,Safaricom Ltd Ord 0.05,29
10/07/2018,Safaricom Ltd Ord 0.05,29
11/07/2018,Safaricom Ltd Ord 0.05,28.5
12/07/2018,Safaricom Ltd Ord 0.05,28.5
13/07/2018,Safaricom Ltd Ord 0.05,28.25
16/07/2018,Safaricom Ltd Ord 0.05,28.25
17/07/2018,Safaricom Ltd Ord 0.05,28.75
18/07/2018,Safaricom Ltd Ord 0.05,29
19/07/2018,Safaricom Ltd Ord 0.05,29.25
20/07/2018,Safaricom Ltd Ord 0.05,28.5
23/07/2018,Safaricom Ltd Ord 0.05,28.5
25/07/2018,Safaricom Ltd Ord 0.05,28.75
26/07/2018,Safaricom Ltd Ord 0.05,28.5
27/07/2018,Safaricom Ltd Ord 0.05,28.5
30/07/2018,Safaricom Ltd Ord 0.05,28.5
31/07/2018,Safaricom Ltd Ord 0.05,28
01/08/2018,Safaricom Ltd Ord 0.05,27.75
02/08/2018,Safaricom Ltd Ord 0.05,28
03/08/2018,Safaricom Ltd Ord 0.05,28
06/08/2018,Safaricom Ltd Ord 0.05,28
07/08/2018,Safaricom Ltd Ord 0.05,28
08/08/2018,Safaricom Ltd Ord 0.05,28.75
09/08/2018,Safaricom Ltd Ord 0.05,28.75
10/08/2018,Safaricom Ltd Ord 0.05,28.25
13/08/2018,Safaricom Ltd Ord 0.05,28.5
14/08/2018,Safaricom Ltd Ord 0.05,28.75
15/08/2018,Safaricom Ltd Ord 0.05,29
16/08/2018,Safaricom Ltd Ord 0.05,28.75
17/08/2018,Safaricom Ltd Ord 0.05,29
20/08/2018,Safaricom Ltd Ord 0.05,29
22/08/2018,Safaricom Ltd Ord 0.05,29
23/08/2018,Safaricom Ltd Ord 0.05,29
24/08/2018,Safaricom Ltd Ord 0.05,29
27/08/2018,Safaricom Ltd Ord 0.05,29
28/08/2018,Safaricom Ltd Ord 0.05,29.75
29/08/2018,Safaricom Ltd Ord 0.05,29.75
30/08/2018,Safaricom Ltd Ord 0.05,29.5
31/08/2018,Safaricom Ltd Ord 0.05,28.25
03/09/2018,Safaricom Ltd Ord 0.05,27.75
04/09/2018,Safaricom Ltd Ord 0.05,28.25
05/09/2018,Safaricom Ltd Ord 0.05,27.75
06/09/2018,Safaricom Ltd Ord 0.05,27.75
07/09/2018,Safaricom Ltd Ord 0.05,27.5
10/09/2018,Safaricom Ltd Ord 0.05,27.25
11/09/2018,Safaricom Ltd Ord 0.05,27
12/09/2018,Safaricom Ltd Ord 0.05,27
13/09/2018,Safaricom Ltd Ord 0.05,26.25
14/09/2018,Safaricom Ltd Ord 0.05,26.5
17/09/2018,Safaricom Ltd Ord 0.05,26.5
18/09/2018,Safaricom Ltd Ord 0.05,26.75
19/09/2018,Safaricom Ltd Ord 0.05,26.5
20/09/2018,Safaricom Ltd Ord 0.05,24.75
21/09/2018,Safaricom Ltd Ord 0.05,24
24/09/2018,Safaricom Ltd Ord 0.05,25
25/09/2018,Safaricom Ltd Ord 0.05,24.75
26/09/2018,Safaricom Ltd Ord 0.05,24.75
27/09/2018,Safaricom Ltd Ord 0.05,24.75
28/09/2018,Safaricom Ltd Ord 0.05,24.5
01/10/2018,Safaricom Ltd Ord 0.05,24
02/10/2018,Safaricom Ltd Ord 0.05,24.25
03/10/2018,Safaricom Ltd Ord 0.05,24.25
04/10/2018,Safaricom Ltd Ord 0.05,24.5
05/10/2018,Safaricom Ltd Ord 0.05,24.75
08/10/2018,Safaricom Ltd Ord 0.05,24.5
09/10/2018,Safaricom Ltd Ord 0.05,24.5
11/10/2018,Safaricom Ltd Ord 0.05,24
12/10/2018,Safaricom Ltd Ord 0.05,23
15/10/2018,Safaricom Ltd Ord 0.05,22.25
16/10/2018,Safaricom Ltd Ord 0.05,23.5
17/10/2018,Safaricom Ltd Ord 0.05,23.75
18/10/2018,Safaricom Ltd Ord 0.05,23.5
19/10/2018,Safaricom Ltd Ord 0.05,23.75
22/10/2018,Safaricom Ltd Ord 0.05,23.75
23/10/2018,Safaricom Ltd Ord 0.05,23.75
24/10/2018,Safaricom Ltd Ord 0.05,23.5
25/10/2018,Safaricom Ltd Ord 0.05,23.5
26/10/2018,Safaricom Ltd Ord 0.05,23.5
29/10/2018,Safaricom Ltd Ord 0.05,23.5
30/10/2018,Safaricom Ltd Ord 0.05,23.5
31/10/2018,Safaricom Ltd Ord 0.05,23.25
01/11/2018,Safaricom Ltd Ord 0.05,23.5
02/11/2018,Safaricom Ltd Ord 0.05,24.5
05/11/2018,Safaricom Ltd Ord 0.05,23.75
06/11/2018,Safaricom Ltd Ord 0.05,22.5
07/11/2018,Safaricom Ltd Ord 0.05,22.75
08/11/2018,Safaricom Ltd Ord 0.05,23.25
09/11/2018,Safaricom Ltd Ord 0.05,24.25
12/11/2018,Safaricom Ltd Ord 0.05,24.25
13/11/2018,Safaricom Ltd Ord 0.05,24.25
14/11/2018,Safaricom Ltd Ord 0.05,24
15/11/2018,Safaricom Ltd Ord 0.05,23.75
16/11/2018,Safaricom Ltd Ord 0.05,23.75
19/11/2018,Safaricom Ltd Ord 0.05,23.5
20/11/2018,Safaricom Ltd Ord 0.05,23.5
21/11/2018,Safaricom Ltd Ord 0.05,23.75
22/11/2018,Safaricom Ltd Ord 0.05,23.75
23/11/2018,Safaricom Ltd Ord 0.05,23.75
26/11/2018,Safaricom Ltd Ord 0.05,23.8
27/11/2018,Safaricom Ltd Ord 0.05,23.8
28/11/2018,Safaricom Ltd Ord 0.05,23.8
29/11/2018,Safaricom Ltd Ord 0.05,23.75
30/11/2018,Safaricom Ltd Ord 0.05,23.75
03/12/2018,Safaricom Ltd Ord 0.05,23.75
04/12/2018,Safaricom Ltd Ord 0.05,23.6
05/12/2018,Safaricom Ltd Ord 0.05,23.65
06/12/2018,Safaricom Ltd Ord 0.05,23.4
07/12/2018,Safaricom Ltd Ord 0.05,23
10/12/2018,Safaricom Ltd Ord 0.05,22.65
11/12/2018,Safaricom Ltd Ord 0.05,22.05
13/12/2018,Safaricom Ltd Ord 0.05,22.15
14/12/2018,Safaricom Ltd Ord 0.05,22.9
17/12/2018,Safaricom Ltd Ord 0.05,23
18/12/2018,Safaricom Ltd Ord 0.05,23
19/12/2018,Safaricom Ltd Ord 0.05,22.9
20/12/2018,Safaricom Ltd Ord 0.05,22.45
21/12/2018,Safaricom Ltd Ord 0.05,22.3
24/12/2018,Safaricom Ltd Ord 0.05,22.6
27/12/2018,Safaricom Ltd Ord 0.05,22.6
28/12/2018,Safaricom Ltd Ord 0.05,22.85
31/12/2018,Safaricom Ltd Ord 0.05,22.2
02/01/2019,Safaricom Ltd Ord 0.05,22.25
03/01/2019,Safaricom Ltd Ord 0.05,22.15
04/01/2019,Safaricom Ltd Ord 0.05,21.3
07/01/2019,Safaricom Ltd Ord 0.05,21.45
08/01/2019,Safaricom Ltd Ord 0.05,22
09/01/2019,Safaricom Ltd Ord 0.05,22.3
10/01/2019,Safaricom Ltd Ord 0.05,23
11/01/2019,Safaricom Ltd Ord 0.05,23.4
14/01/2019,Safaricom Ltd Ord 0.05,23.5
15/01/2019,Safaricom Ltd Ord 0.05,23.5
16/01/2019,Safaricom Ltd Ord 0.05,23.8
17/01/2019,Safaricom Ltd Ord 0.05,23.75
18/01/2019,Safaricom Ltd Ord 0.05,23.7
21/01/2019,Safaricom Ltd Ord 0.05,23.5
22/01/2019,Safaricom Ltd Ord 0.05,23.3
23/01/2019,Safaricom Ltd Ord 0.05,23.25
24/01/2019,Safaricom Ltd Ord 0.05,23.2
25/01/2019,Safaricom Ltd Ord 0.05,23.45
28/01/2019,Safaricom Ltd Ord 0.05,23.45
29/01/2019,Safaricom Ltd Ord 0.05,23.45
30/01/2019,Safaricom Ltd Ord 0.05,23.7
31/01/2019,Safaricom Ltd Ord 0.05,23.85
01/02/2019,Safaricom Ltd Ord 0.05,25.5
04/02/2019,Safaricom Ltd Ord 0.05,26
05/02/2019,Safaricom Ltd Ord 0.05,26.5
06/02/2019,Safaricom Ltd Ord 0.05,26.9
07/02/2019,Safaricom Ltd Ord 0.05,27.05
08/02/2019,Safaricom Ltd Ord 0.05,26.85
11/02/2019,Safaricom Ltd Ord 0.05,26.8
12/02/2019,Safaricom Ltd Ord 0.05,26.9
13/02/2019,Safaricom Ltd Ord 0.05,26.9
14/02/2019,Safaricom Ltd Ord 0.05,26.45
15/02/2019,Safaricom Ltd Ord 0.05,26.1
18/02/2019,Safaricom Ltd Ord 0.05,26.05
19/02/2019,Safaricom Ltd Ord 0.05,26.15
20/02/2019,Safaricom Ltd Ord 0.05,26.15
21/02/2019,Safaricom Ltd Ord 0.05,26
22/02/2019,Safaricom Ltd Ord 0.05,26.05
25/02/2019,Safaricom Ltd Ord 0.05,26.5
26/02/2019,Safaricom Ltd Ord 0.05,26.6
27/02/2019,Safaricom Ltd Ord 0.05,26.55
28/02/2019,Safaricom Ltd Ord 0.05,26
01/03/2019,Safaricom Ltd Ord 0.05,26.1
04/03/2019,Safaricom Ltd Ord 0.05,26.45
05/03/2019,Safaricom Ltd Ord 0.05,26.5
06/03/2019,Safaricom Ltd Ord 0.05,26.6
07/03/2019,Safaricom Ltd Ord 0.05,26.8
08/03/2019,Safaricom Ltd Ord 0.05,27
11/03/2019,Safaricom Ltd Ord 0.05,26.9
12/03/2019,Safaricom Ltd Ord 0.05,26.9
13/03/2019,Safaricom Ltd Ord 0.05,26.75
14/03/2019,Safaricom Ltd Ord 0.05,27
15/03/2019,Safaricom Ltd Ord 0.05,27.75
18/03/2019,Safaricom Ltd Ord 0.05,28.5
19/03/2019,Safaricom Ltd Ord 0.05,28.5
20/03/2019,Safaricom Ltd Ord 0.05,28
21/03/2019,Safaricom Ltd Ord 0.05,28.55
22/03/2019,Safaricom Ltd Ord 0.05,28.65
25/03/2019,Safaricom Ltd Ord 0.05,27.95
26/03/2019,Safaricom Ltd Ord 0.05,27.6
27/03/2019,Safaricom Ltd Ord 0.05,27.6
28/03/2019,Safaricom Ltd Ord 0.05,27.25
29/03/2019,Safaricom Ltd Ord 0.05,27.55
01/04/2019,Safaricom Ltd Ord 0.05,27.9
02/04/2019,Safaricom Ltd Ord 0.05,28.1
03/04/2019,Safaricom Ltd Ord 0.05,28.1
04/04/2019,Safaricom Ltd Ord 0.05,28.05
05/04/2019,Safaricom Ltd Ord 0.05,28
08/04/2019,Safaricom Ltd Ord 0.05,28
09/04/2019,Safaricom Ltd Ord 0.05,27.85
10/04/2019,Safaricom Ltd Ord 0.05,27.75
11/04/2019,Safaricom Ltd Ord 0.05,27.7
12/04/2019,Safaricom Ltd Ord 0.05,27.5
15/04/2019,Safaricom Ltd Ord 0.05,27.3
16/04/2019,Safaricom Ltd Ord 0.05,27.5
17/04/2019,Safaricom Ltd Ord 0.05,27.85
18/04/2019,Safaricom Ltd Ord 0.05,27.85
23/04/2019,Safaricom Ltd Ord 0.05,27.95
24/04/2019,Safaricom Ltd Ord 0.05,28
25/04/2019,Safaricom Ltd Ord 0.05,27.95
26/04/2019,Safaricom Ltd Ord 0.05,27.95
29/04/2019,Safaricom Ltd Ord 0.05,28
30/04/2019,Safaricom Ltd Ord 0.05,28.15
02/05/2019,Safaricom Ltd Ord 0.05,29.55
03/05/2019,Safaricom Ltd Ord 0.05,29.25
06/05/2019,Safaricom Ltd Ord 0.05,28.65
07/05/2019,Safaricom Ltd Ord 0.05,28.6
08/05/2019,Safaricom Ltd Ord 0.05,28.15
09/05/2019,Safaricom Ltd Ord 0.05,27.95
10/05/2019,Safaricom Ltd Ord 0.05,27.45
13/05/2019,Safaricom Ltd Ord 0.05,27.2
14/05/2019,Safaricom Ltd Ord 0.05,26.4
15/05/2019,Safaricom Ltd Ord 0.05,26.7
16/05/2019,Safaricom Ltd Ord 0.05,26.25
17/05/2019,Safaricom Ltd Ord 0.05,26.15
20/05/2019,Safaricom Ltd Ord 0.05,26.2
21/05/2019,Safaricom Ltd Ord 0.05,26.35
22/05/2019,Safaricom Ltd Ord 0.05,26.1
23/05/2019,Safaricom Ltd Ord 0.05,26.15
24/05/2019,Safaricom Ltd Ord 0.05,26.45
27/05/2019,Safaricom Ltd Ord 0.05,26.8
28/05/2019,Safaricom Ltd Ord 0.05,28.35
29/05/2019,Safaricom Ltd Ord 0.05,28
30/05/2019,Safaricom Ltd Ord 0.05,27.65
31/05/2019,Safaricom Ltd Ord 0.05,27.45
03/06/2019,Safaricom Ltd Ord 0.05,27.65
04/06/2019,Safaricom Ltd Ord 0.05,27.7
06/06/2019,Safaricom Ltd Ord 0.05,27.7
07/06/2019,Safaricom Ltd Ord 0.05,27.4
10/06/2019,Safaricom Ltd Ord 0.05,27.45
11/06/2019,Safaricom Ltd Ord 0.05,27.55
12/06/2019,Safaricom Ltd Ord 0.05,27.5
13/06/2019,Safaricom Ltd Ord 0.05,27.35
14/06/2019,Safaricom Ltd Ord 0.05,27.2
17/06/2019,Safaricom Ltd Ord 0.05,27.25
18/06/2019,Safaricom Ltd Ord 0.05,27.3
19/06/2019,Safaricom Ltd Ord 0.05,27
20/06/2019,Safaricom Ltd Ord 0.05,27.15
21/06/2019,Safaricom Ltd Ord 0.05,27.25
24/06/2019,Safaricom Ltd Ord 0.05,27.3
25/06/2019,Safaricom Ltd Ord 0.05,27.45
26/06/2019,Safaricom Ltd Ord 0.05,27.5
27/06/2019,Safaricom Ltd Ord 0.05,27.55
28/06/2019,Safaricom Ltd Ord 0.05,28.1
01/07/2019,Safaricom Ltd Ord 0.05,28.15
02/07/2019,Safaricom Ltd Ord 0.05,28.15
03/07/2019,Safaricom Ltd Ord 0.05,28.15
04/07/2019,Safaricom Ltd Ord 0.05,27.75
05/07/2019,Safaricom Ltd Ord 0.05,27.85
08/07/2019,Safaricom Ltd Ord 0.05,27.55
09/07/2019,Safaricom Ltd Ord 0.05,27
10/07/2019,Safaricom Ltd Ord 0.05,27.5
11/07/2019,Safaricom Ltd Ord 0.05,27.45
12/07/2019,Safaricom Ltd Ord 0.05,27.75
15/07/2019,Safaricom Ltd Ord 0.05,27.5
16/07/2019,Safaricom Ltd Ord 0.05,28
17/07/2019,Safaricom Ltd Ord 0.05,27.95
18/07/2019,Safaricom Ltd Ord 0.05,27.75
19/07/2019,Safaricom Ltd Ord 0.05,27.85
22/07/2019,Safaricom Ltd Ord 0.05,27.8
23/07/2019,Safaricom Ltd Ord 0.05,27.25
24/07/2019,Safaricom Ltd Ord 0.05,27.5
25/07/2019,Safaricom Ltd Ord 0.05,27.5
26/07/2019,Safaricom Ltd Ord 0.05,27.6
29/07/2019,Safaricom Ltd Ord 0.05,27.55
30/07/2019,Safaricom Ltd Ord 0.05,27.45
31/07/2019,Safaricom Ltd Ord 0.05,27.4
01/08/2019,Safaricom Ltd Ord 0.05,27.55
02/08/2019,Safaricom Ltd Ord 0.05,27.6
05/08/2019,Safaricom Ltd Ord 0.05,27.6
06/08/2019,Safaricom Ltd Ord 0.05,27.45
07/08/2019,Safaricom Ltd Ord 0.05,27.2
08/08/2019,Safaricom Ltd Ord 0.05,27.3
09/08/2019,Safaricom Ltd Ord 0.05,27.65
13/08/2019,Safaricom Ltd Ord 0.05,27.9
14/08/2019,Safaricom Ltd Ord 0.05,28
15/08/2019,Safaricom Ltd Ord 0.05,28.5
16/08/2019,Safaricom Ltd Ord 0.05,29.2
19/08/2019,Safaricom Ltd Ord 0.05,29.45
20/08/2019,Safaricom Ltd Ord 0.05,29.3
21/08/2019,Safaricom Ltd Ord 0.05,29.1
22/08/2019,Safaricom Ltd Ord 0.05,29
23/08/2019,Safaricom Ltd Ord 0.05,28.9
26/08/2019,Safaricom Ltd Ord 0.05,28.3
27/08/2019,Safaricom Ltd Ord 0.05,28.2
28/08/2019,Safaricom Ltd Ord 0.05,28
29/08/2019,Safaricom Ltd Ord 0.05,28.25
30/08/2019,Safaricom Ltd Ord 0.05,28.15
02/09/2019,Safaricom Ltd Ord 0.05,28.05
03/09/2019,Safaricom Ltd Ord 0.05,26.2
04/09/2019,Safaricom Ltd Ord 0.05,26.65
05/09/2019,Safaricom Ltd Ord 0.05,26.85
06/09/2019,Safaricom Ltd Ord 0.05,26.8
09/09/2019,Safaricom Ltd Ord 0.05,26.85
10/09/2019,Safaricom Ltd Ord 0.05,26.95
11/09/2019,Safaricom Ltd Ord 0.05,27.05
12/09/2019,Safaricom Ltd Ord 0.05,27.15
13/09/2019,Safaricom Ltd Ord 0.05,27.15
16/09/2019,Safaricom Ltd Ord 0.05,27.2
17/09/2019,Safaricom Ltd Ord 0.05,27.15
18/09/2019,Safaricom Ltd Ord 0.05,27.25
19/09/2019,Safaricom Ltd Ord 0.05,27.2
20/09/2019,Safaricom Ltd Ord 0.05,27.35
23/09/2019,Safaricom Ltd Ord 0.05,27.5
24/09/2019,Safaricom Ltd Ord 0.05,27.5
25/09/2019,Safaricom Ltd Ord 0.05,27.55
26/09/2019,Safaricom Ltd Ord 0.05,27.15
27/09/2019,Safaricom Ltd Ord 0.05,27.1
30/09/2019,Safaricom Ltd Ord 0.05,27.5
01/10/2019,Safaricom Ltd Ord 0.05,27.55
02/10/2019,Safaricom Ltd Ord 0.05,27.65
03/10/2019,Safaricom Ltd Ord 0.05,28.1
04/10/2019,Safaricom Ltd Ord 0.05,28.05
07/10/2019,Safaricom Ltd Ord 0.05,27.85
08/10/2019,Safaricom Ltd Ord 0.05,28.2
09/10/2019,Safaricom Ltd Ord 0.05,28.3
11/10/2019,Safaricom Ltd Ord 0.05,28.45
14/10/2019,Safaricom Ltd Ord 0.05,28
15/10/2019,Safaricom Ltd Ord 0.05,27.9
16/10/2019,Safaricom Ltd Ord 0.05,27.9
18/10/2019,Safaricom Ltd Ord 0.05,28.25
22/10/2019,Safaricom Ltd Ord 0.05,28.45
23/10/2019,Safaricom Ltd Ord 0.05,28.5
24/10/2019,Safaricom Ltd Ord 0.05,28.6
25/10/2019,Safaricom Ltd Ord 0.05,28.7
28/10/2019,Safaricom Ltd Ord 0.05,28.85
29/10/2019,Safaricom Ltd Ord 0.05,28.9
30/10/2019,Safaricom Ltd Ord 0.05,29.25
31/10/2019,Safaricom Ltd Ord 0.05,29.75
01/11/2019,Safaricom Ltd Ord 0.05,30.3
04/11/2019,Safaricom Ltd Ord 0.05,30.4
05/11/2019,Safaricom Ltd Ord 0.05,30.5
08/11/2019,Safaricom Ltd Ord 0.05,30
11/11/2019,Safaricom Ltd Ord 0.05,29.4
12/11/2019,Safaricom Ltd Ord 0.05,29
13/11/2019,Safaricom Ltd Ord 0.05,29.3
14/11/2019,Safaricom Ltd Ord 0.05,29.95
15/11/2019,Safaricom Ltd Ord 0.05,28.75
18/11/2019,Safaricom Ltd Ord 0.05,28.55
19/11/2019,Safaricom Ltd Ord 0.05,28.55
21/11/2019,Safaricom Ltd Ord 0.05,28.5
22/11/2019,Safaricom Ltd Ord 0.05,28.45
25/11/2019,Safaricom Ltd Ord 0.05,28.9
26/11/2019,Safaricom Ltd Ord 0.05,28.85
27/11/2019,Safaricom Ltd Ord 0.05,28.9
28/11/2019,Safaricom Ltd Ord 0.05,28.95
29/11/2019,Safaricom Ltd Ord 0.05,29.25
02/12/2019,Safaricom Ltd Ord 0.05,29.4
03/12/2019,Safaricom Ltd Ord 0.05,29.5
04/12/2019,Safaricom Ltd Ord 0.05,29.4
05/12/2019,Safaricom Ltd Ord 0.05,29.45
06/12/2019,Safaricom Ltd Ord 0.05,30
09/12/2019,Safaricom Ltd Ord 0.05,30.1
10/12/2019,Safaricom Ltd Ord 0.05,30.15
11/12/2019,Safaricom Ltd Ord 0.05,30.25
13/12/2019,Safaricom Ltd Ord 0.05,30.3
16/12/2019,Safaricom Ltd Ord 0.05,30.05
17/12/2019,Safaricom Ltd Ord 0.05,30
18/12/2019,Safaricom Ltd Ord 0.05,30.2
19/12/2019,Safaricom Ltd Ord 0.05,30.9
20/12/2019,Safaricom Ltd Ord 0.05,31.3
23/12/2019,Safaricom Ltd Ord 0.05,31.65
24/12/2019,Safaricom Ltd Ord 0.05,31.7
27/12/2019,Safaricom Ltd Ord 0.05,31.45
30/12/2019,Safaricom Ltd Ord 0.05,31.35
31/12/2019,Safaricom Ltd Ord 0.05,31.5
02/01/2020,Safaricom Ltd Ord 0.05,31.3
03/01/2020,Safaricom Ltd Ord 0.05,31.55
06/01/2020,Safaricom Ltd Ord 0.05,31.5
08/01/2020,Safaricom Ltd Ord 0.05,31.85
13/01/2020,Safaricom Ltd Ord 0.05,32.7
15/01/2020,Safaricom Ltd Ord 0.05,32
16/01/2020,Safaricom Ltd Ord 0.05,32
17/01/2020,Safaricom Ltd Ord 0.05,31.5
20/01/2020,Safaricom Ltd Ord 0.05,31.55
22/01/2020,Safaricom Ltd Ord 0.05,31.5
23/01/2020,Safaricom Ltd Ord 0.05,31.55
24/01/2020,Safaricom Ltd Ord 0.05,31.3
27/01/2020,Safaricom Ltd Ord 0.05,30.7
28/01/2020,Safaricom Ltd Ord 0.05,29.95
29/01/2020,Safaricom Ltd Ord 0.05,30.05
30/01/2020,Safaricom Ltd Ord 0.05,30.6
31/01/2020,Safaricom Ltd Ord 0.05,30.45
03/02/2020,Safaricom Ltd Ord 0.05,30.8
05/02/2020,Safaricom Ltd Ord 0.05,31.55
06/02/2020,Safaricom Ltd Ord 0.05,32.8
07/02/2020,Safaricom Ltd Ord 0.05,32.9
10/02/2020,Safaricom Ltd Ord 0.05,32.65
13/02/2020,Safaricom Ltd Ord 0.05,31.5
14/02/2020,Safaricom Ltd Ord 0.05,31
19/02/2020,Safaricom Ltd Ord 0.05,29.95
20/02/2020,Safaricom Ltd Ord 0.05,29.95
21/02/2020,Safaricom Ltd Ord 0.05,29.9
24/02/2020,Safaricom Ltd Ord 0.05,29.9
25/02/2020,Safaricom Ltd Ord 0.05,29.75
26/02/2020,Safaricom Ltd Ord 0.05,28.2
27/02/2020,Safaricom Ltd Ord 0.05,28.1
28/02/2020,Safaricom Ltd Ord 0.05,27.9
02/03/2020,Safaricom Ltd Ord 0.05,28.1
03/03/2020,Safaricom Ltd Ord 0.05,28.85
04/03/2020,Safaricom Ltd Ord 0.05,29.1
05/03/2020,Safaricom Ltd Ord 0.05,29.55
06/03/2020,Safaricom Ltd Ord 0.05,29.5
10/03/2020,Safaricom Ltd Ord 0.05,27.75
12/03/2020,Safaricom Ltd Ord 0.05,25.75
13/03/2020,Safaricom Ltd Ord 0.05,24.35
16/03/2020,Safaricom Ltd Ord 0.05,24.45
17/03/2020,Safaricom Ltd Ord 0.05,25.1
18/03/2020,Safaricom Ltd Ord 0.05,25.35
19/03/2020,Safaricom Ltd Ord 0.05,25.4
23/03/2020,Safaricom Ltd Ord 0.05,24.6
24/03/2020,Safaricom Ltd Ord 0.05,24.45
25/03/2020,Safaricom Ltd Ord 0.05,24.5
27/03/2020,Safaricom Ltd Ord 0.05,25.35
30/03/2020,Safaricom Ltd Ord 0.05,26
31/03/2020,Safaricom Ltd Ord 0.05,26.45
01/04/2020,Safaricom Ltd Ord 0.05,26.9
02/04/2020,Safaricom Ltd Ord 0.05,28.25
03/04/2020,Safaricom Ltd Ord 0.05,28.75
06/04/2020,Safaricom Ltd Ord 0.05,27.55
07/04/2020,Safaricom Ltd Ord 0.05,26.8
08/04/2020,Safaricom Ltd Ord 0.05,26.2
09/04/2020,Safaricom Ltd Ord 0.05,26.35
14/04/2020,Safaricom Ltd Ord 0.05,27.05
15/04/2020,Safaricom Ltd Ord 0.05,27.45
16/04/2020,Safaricom Ltd Ord 0.05,27.4
17/04/2020,Safaricom Ltd Ord 0.05,28
20/04/2020,Safaricom Ltd Ord 0.05,28.5
21/04/2020,Safaricom Ltd Ord 0.05,28.4
22/04/2020,Safaricom Ltd Ord 0.05,27.95
23/04/2020,Safaricom Ltd Ord 0.05,28.2
24/04/2020,Safaricom Ltd Ord 0.05,27.55
27/04/2020,Safaricom Ltd Ord 0.05,27.55
28/04/2020,Safaricom Ltd Ord 0.05,27.7
29/04/2020,Safaricom Ltd Ord 0.05,29
30/04/2020,Safaricom Ltd Ord 0.05,28.5
04/05/2020,Safaricom Ltd Ord 0.05,29.5
05/05/2020,Safaricom Ltd Ord 0.05,29.95
06/05/2020,Safaricom Ltd Ord 0.05,30.45
07/05/2020,Safaricom Ltd Ord 0.05,28.9
08/05/2020,Safaricom Ltd Ord 0.05,28.35
11/05/2020,Safaricom Ltd Ord 0.05,28.3
12/05/2020,Safaricom Ltd Ord 0.05,28
13/05/2020,Safaricom Ltd Ord 0.05,27.8
14/05/2020,Safaricom Ltd Ord 0.05,27.1
15/05/2020,Safaricom Ltd Ord 0.05,27.65
18/05/2020,Safaricom Ltd Ord 0.05,28.9
19/05/2020,Safaricom Ltd Ord 0.05,29.2
20/05/2020,Safaricom Ltd Ord 0.05,29
21/05/2020,Safaricom Ltd Ord 0.05,28.8
22/05/2020,Safaricom Ltd Ord 0.05,29.35
26/05/2020,Safaricom Ltd Ord 0.05,29
27/05/2020,Safaricom Ltd Ord 0.05,28.65
28/05/2020,Safaricom Ltd Ord 0.05,28.05
29/05/2020,Safaricom Ltd Ord 0.05,28.55
02/06/2020,Safaricom Ltd Ord 0.05,28.75
03/06/2020,Safaricom Ltd Ord 0.05,29.1
04/06/2020,Safaricom Ltd Ord 0.05,29.6
05/06/2020,Safaricom Ltd Ord 0.05,29.5
08/06/2020,Safaricom Ltd Ord 0.05,29.9
09/06/2020,Safaricom Ltd Ord 0.05,29.65
10/06/2020,Safaricom Ltd Ord 0.05,29.95
11/06/2020,Safaricom Ltd Ord 0.05,30.45
12/06/2020,Safaricom Ltd Ord 0.05,30.45
15/06/2020,Safaricom Ltd Ord 0.05,30.45
16/06/2020,Safaricom Ltd Ord 0.05,30.95
17/06/2020,Safaricom Ltd Ord 0.05,30.95
18/06/2020,Safaricom Ltd Ord 0.05,30.95
19/06/2020,Safaricom Ltd Ord 0.05,30.9
22/06/2020,Safaricom Ltd Ord 0.05,30.2
23/06/2020,Safaricom Ltd Ord 0.05,29.45
24/06/2020,Safaricom Ltd Ord 0.05,28.65
25/06/2020,Safaricom Ltd Ord 0.05,28.3
26/06/2020,Safaricom Ltd Ord 0.05,28.5
29/06/2020,Safaricom Ltd Ord 0.05,28.9
30/06/2020,Safaricom Ltd Ord 0.05,28.65
01/07/2020,Safaricom Ltd Ord 0.05,28.7
03/07/2020,Safaricom Ltd Ord 0.05,29.65
06/07/2020,Safaricom Ltd Ord 0.05,29.1
07/07/2020,Safaricom Ltd Ord 0.05,28.1
08/07/2020,Safaricom Ltd Ord 0.05,28
09/07/2020,Safaricom Ltd Ord 0.05,27.5
10/07/2020,Safaricom Ltd Ord 0.05,27.5
13/07/2020,Safaricom Ltd Ord 0.05,27.5
14/07/2020,Safaricom Ltd Ord 0.05,26.95
15/07/2020,Safaricom Ltd Ord 0.05,26.95
16/07/2020,Safaricom Ltd Ord 0.05,27
17/07/2020,Safaricom Ltd Ord 0.05,27
20/07/2020,Safaricom Ltd Ord 0.05,27
21/07/2020,Safaricom Ltd Ord 0.05,26.7
22/07/2020,Safaricom Ltd Ord 0.05,26.85
23/07/2020,Safaricom Ltd Ord 0.05,27.5
24/07/2020,Safaricom Ltd Ord 0.05,28.1
27/07/2020,Safaricom Ltd Ord 0.05,29.35
28/07/2020,Safaricom Ltd Ord 0.05,28.3
29/07/2020,Safaricom Ltd Ord 0.05,28.3
30/07/2020,Safaricom Ltd Ord 0.05,28.15
03/08/2020,Safaricom Ltd Ord 0.05,26.85
04/08/2020,Safaricom Ltd Ord 0.05,26.4
05/08/2020,Safaricom Ltd Ord 0.05,26.15
06/08/2020,Safaricom Ltd Ord 0.05,27.4
07/08/2020,Safaricom Ltd Ord 0.05,27.7
11/08/2020,Safaricom Ltd Ord 0.05,27.5
12/08/2020,Safaricom Ltd Ord 0.05,27.95
13/08/2020,Safaricom Ltd Ord 0.05,27.85
14/08/2020,Safaricom Ltd Ord 0.05,27.7
17/08/2020,Safaricom Ltd Ord 0.05,28.4
18/08/2020,Safaricom Ltd Ord 0.05,28
19/08/2020,Safaricom Ltd Ord 0.05,28
20/08/2020,Safaricom Ltd Ord 0.05,28.05
21/08/2020,Safaricom Ltd Ord 0.05,28.2
24/08/2020,Safaricom Ltd Ord 0.05,28.2
25/08/2020,Safaricom Ltd Ord 0.05,28.65
26/08/2020,Safaricom Ltd Ord 0.05,29
27/08/2020,Safaricom Ltd Ord 0.05,29.45
28/08/2020,Safaricom Ltd Ord 0.05,29.85
31/08/2020,Safaricom Ltd Ord 0.05,29.9
01/09/2020,Safaricom Ltd Ord 0.05,29.9
03/09/2020,Safaricom Ltd Ord 0.05,30.05
04/09/2020,Safaricom Ltd Ord 0.05,29.6
07/09/2020,Safaricom Ltd Ord 0.05,29.05
08/09/2020,Safaricom Ltd Ord 0.05,29
09/09/2020,Safaricom Ltd Ord 0.05,29.05
10/09/2020,Safaricom Ltd Ord 0.05,29.95
11/09/2020,Safaricom Ltd Ord 0.05,30.05
14/09/2020,Safaricom Ltd Ord 0.05,29.95
15/09/2020,Safaricom Ltd Ord 0.05,30.15
16/09/2020,Safaricom Ltd Ord 0.05,30.1
17/09/2020,Safaricom Ltd Ord 0.05,30
18/09/2020,Safaricom Ltd Ord 0.05,30
21/09/2020,Safaricom Ltd Ord 0.05,29.9
22/09/2020,Safaricom Ltd Ord 0.05,30.05
23/09/2020,Safaricom Ltd Ord 0.05,30
24/09/2020,Safaricom Ltd Ord 0.05,30
25/09/2020,Safaricom Ltd Ord 0.05,30.05
28/09/2020,Safaricom Ltd Ord 0.05,29.8
29/09/2020,Safaricom Ltd Ord 0.05,29.8
30/09/2020,Safaricom Ltd Ord 0.05,29.7
02/10/2020,Safaricom Ltd Ord 0.05,30
05/10/2020,Safaricom Ltd Ord 0.05,30
06/10/2020,Safaricom Ltd Ord 0.05,29.95
07/10/2020,Safaricom Ltd Ord 0.05,30.5
08/10/2020,Safaricom Ltd Ord 0.05,30.05
09/10/2020,Safaricom Ltd Ord 0.05,30.1
12/10/2020,Safaricom Ltd Ord 0.05,30.05
13/10/2020,Safaricom Ltd Ord 0.05,30.15
14/10/2020,Safaricom Ltd Ord 0.05,30.1
15/10/2020,Safaricom Ltd Ord 0.05,30.05
16/10/2020,Safaricom Ltd Ord 0.05,30.1
19/10/2020,Safaricom Ltd Ord 0.05,30.1
21/10/2020,Safaricom Ltd Ord 0.05,30.25
22/10/2020,Safaricom Ltd Ord 0.05,30.65
23/10/2020,Safaricom Ltd Ord 0.05,30.95
26/10/2020,Safaricom Ltd Ord 0.05,30.5
27/10/2020,Safaricom Ltd Ord 0.05,30.6
28/10/2020,Safaricom Ltd Ord 0.05,30.6
29/10/2020,Safaricom Ltd Ord 0.05,30.5
30/10/2020,Safaricom Ltd Ord 0.05,30.85
02/11/2020,Safaricom Ltd Ord 0.05,31.25
03/11/2020,Safaricom Ltd Ord 0.05,31.25
04/11/2020,Safaricom Ltd Ord 0.05,31.15
05/11/2020,Safaricom Ltd Ord 0.05,31.25
06/11/2020,Safaricom Ltd Ord 0.05,31.3
09/11/2020,Safaricom Ltd Ord 0.05,30.75
10/11/2020,Safaricom Ltd Ord 0.05,30.95
11/11/2020,Safaricom Ltd Ord 0.05,31.8
13/11/2020,Safaricom Ltd Ord 0.05,31.8
16/11/2020,Safaricom Ltd Ord 0.05,32.1
17/11/2020,Safaricom Ltd Ord 0.05,32.05
18/11/2020,Safaricom Ltd Ord 0.05,31.95
19/11/2020,Safaricom Ltd Ord 0.05,31.45
20/11/2020,Safaricom Ltd Ord 0.05,32
23/11/2020,Safaricom Ltd Ord 0.05,32
24/11/2020,Safaricom Ltd Ord 0.05,31.7
25/11/2020,Safaricom Ltd Ord 0.05,32
26/11/2020,Safaricom Ltd Ord 0.05,32
27/11/2020,Safaricom Ltd Ord 0.05,31.9
30/11/2020,Safaricom Ltd Ord 0.05,32.7
01/12/2020,Safaricom Ltd Ord 0.05,32.3
02/12/2020,Safaricom Ltd Ord 0.05,32.95
03/12/2020,Safaricom Ltd Ord 0.05,33
04/12/2020,Safaricom Ltd Ord 0.05,33.5
07/12/2020,Safaricom Ltd Ord 0.05,33
08/12/2020,Safaricom Ltd Ord 0.05,33
09/12/2020,Safaricom Ltd Ord 0.05,32.95
10/12/2020,Safaricom Ltd Ord 0.05,32.65
11/12/2020,Safaricom Ltd Ord 0.05,32.95
14/12/2020,Safaricom Ltd Ord 0.05,33.15
15/12/2020,Safaricom Ltd Ord 0.05,33.05
16/12/2020,Safaricom Ltd Ord 0.05,32.8
17/12/2020,Safaricom Ltd Ord 0.05,32.9
18/12/2020,Safaricom Ltd Ord 0.05,33.55
22/12/2020,Safaricom Ltd Ord 0.05,33.85
24/12/2020,Safaricom Ltd Ord 0.05,34
28/12/2020,Safaricom Ltd Ord 0.05,34.1
31/12/2020,Safaricom Ltd Ord 0.05,34.25
